model_variant,split,year_month,segment,days,hourly_accuracy_percent,hourly_wape_percent,daily_accuracy_percent,daily_wape_percent,daily_bias_percent
base_rule_d6,validation,2026-01,month,31,85.89407480486926,14.105925195130736,92.22067559543007,7.77932440456994,-4.887229196754868
base_rule_d6,test,2026-02,month,28,61.450713868509766,38.549286131490234,65.31147122344393,34.68852877655606,21.74354382642187
base_rule_d6,test,2026-03,month,7,69.79339682522883,30.206603174771175,70.52098739674484,29.479012603255157,-29.479012603255157
holiday_router,validation,2026-01,month,31,86.46156964863584,13.53843035136416,92.70597013277339,7.294029867226616,-3.835613519225192
holiday_router,test,2026-02,month,28,76.93921699467649,23.06078300532352,83.18002925575483,16.819970744245165,14.30793443400307
holiday_router,test,2026-03,month,7,83.25227878564627,16.74772121435374,95.04978806855136,4.950211931448636,0.6676914401212446
